id,first_name,last_name,email,gender,title,make,model,color,year
7,Koo,Bockmaster,kbockmaster6@earthlink.net,Female,Food Chemist,Buick,Regal,Pink,2012
12,Penn,Brouwer,pbrouwerb@oracle.com,Male,Actuary,Honda,Fit,Puce,2010
14,Farly,Ebunoluwa,febunoluwad@accuweather.com,Male,Geological Engineer,Porsche,911,Indigo,2010
15,Hercule,Orr,horre@noaa.gov,Male,Chief Design Engineer,Chevrolet,Suburban,Turquoise,2011
16,Ogden,Dowrey,odowreyf@elegantthemes.com,Male,Dental Hygienist,Smart,Fortwo,Teal,2012
17,Chrissie,Phebee,cphebeeg@bizjournals.com,Male,Staff Accountant IV,Bentley,Continental Super,Orange,2011
41,Ivan,Mould,imould14@alibaba.com,Male,Librarian,GMC,Canyon,Purple,2011
43,Maurizio,Wickins,mwickins16@scribd.com,Male,Financial Advisor,Dodge,Challenger,Crimson,2011
45,Kissee,Blankenship,kblankenship18@pbs.org,Female,Environmental Tech,BMW,X6 M,Mauv,2010
61,Kylie,Coweuppe,kcoweuppe1o@soundcloud.com,Female,Geological Engineer,GMC,Acadia,Aquamarine,2011
70,Kari,Mariet,kmariet1x@cbsnews.com,Female,Physical Therapy Assistant,Aston Martin,V8 Vantage S,Aquamarine,2011
71,Harald,Fleischer,hfleischer1y@go.com,Male,Tax Accountant,Kia,Sportage,Mauv,2011
85,Addy,Wolstenholme,awolstenholme2c@arizona.edu,Female,Structural Engineer,Ram,Dakota,Green,2011
89,Marni,Leither,mleither2g@aboutads.info,Female,Senior Quality Engineer,Subaru,Impreza WRX,Crimson,2011
90,Merissa,Grimsdale,mgrimsdale2h@netlog.com,Female,Senior Developer,Ford,Mustang,Yellow,2010
92,Gipsy,Chandler,gchandler2j@japanpost.jp,Female,Research Associate,Chevrolet,Silverado 2500,Orange,2011
94,Cordell,Ricciardello,cricciardello2l@desdev.cn,Male,Social Worker,Audi,Q5,Aquamarine,2012
97,Cosme,Mounsie,cmounsie2o@github.io,Male,Web Designer IV,Mercury,Grand Marquis,Puce,2011
100,Danila,Volette,dvolette2r@amazon.co.uk,Female,Assistant Manager,Cadillac,CTS-V,Mauv,2011
101,Libby,Mahon,lmahon2s@cpanel.net,Female,Health Coach II,Volvo,S40,Blue,2010
106,Konstance,Kighly,kkighly2x@vistaprint.com,Female,Structural Analysis Engineer,Mercedes-Benz,SLK-Class,Purple,2011
107,Alecia,Tingey,atingey2y@bigcartel.com,Female,Actuary,Honda,Fit,Violet,2010
109,Adah,Georgot,ageorgot30@miibeian.gov.cn,Female,Information Systems Manager,Lexus,IS-F,Aquamarine,2011
115,Madeleine,Boyack,mboyack36@angelfire.com,Female,Chief Design Engineer,GMC,Yukon XL 2500,Aquamarine,2012
120,Karmen,Brannigan,kbrannigan3b@squidoo.com,Female,VP Product Management,BMW,1 Series,Purple,2012
124,Reggi,Sertin,rsertin3f@microsoft.com,Female,Geologist II,Chrysler,Town & Country,Goldenrod,2011
127,Aleta,Orbell,aorbell3i@mlb.com,Female,Help Desk Operator,Lexus,LX,Goldenrod,2011
132,Henrietta,Caruth,hcaruth3n@altervista.org,Female,Product Engineer,Ford,F450,Purple,2012
135,Davie,Hinrichsen,dhinrichsen3q@dell.com,Male,Actuary,Acura,TSX,Khaki,2012
143,Felice,Parish,fparish3y@virginia.edu,Female,Database Administrator II,Audi,Q7,Khaki,2011
153,Daune,Killingbeck,dkillingbeck48@addtoany.com,Female,Speech Pathologist,Saturn,Outlook,Goldenrod,2010
158,Clotilda,Darthe,cdarthe4d@wordpress.org,Female,Senior Editor,Mercedes-Benz,CLS-Class,Puce,2011
173,Ramsey,Van Dale,rvandale4s@slashdot.org,Male,Chemical Engineer,Volvo,S80,Purple,2012
193,Alia,Goding,agoding5c@cloudflare.com,Female,Sales Associate,Toyota,FJ Cruiser,Orange,2011
195,Jeramey,Shimony,jshimony5e@goo.gl,Male,Payment Adjustment Coordinator,Chevrolet,Aveo,Pink,2010
198,Bertha,Crat,bcrat5h@cbc.ca,Female,Account Representative I,Volkswagen,CC,Goldenrod,2013
203,Enrika,Gillison,egillison5m@nps.gov,Female,Help Desk Operator,Audi,A3,Maroon,2012
228,Gennifer,Vaughn,gvaughn6b@t-online.de,Female,Marketing Manager,Buick,Enclave,Khaki,2010
235,John,Jammet,jjammet6i@sphinn.com,Male,Speech Pathologist,Cadillac,Escalade,Blue,2012
242,Morgun,Planks,mplanks6p@slate.com,Male,Nurse,Cadillac,DTS,Violet,2010
254,Reagan,Dollen,rdollen71@w3.org,Male,Account Coordinator,Nissan,Versa,Mauv,2010
256,Ker,Danigel,kdanigel73@wired.com,Male,Web Designer I,BMW,X6 M,Puce,2013
269,Devan,Dowyer,ddowyer7g@washington.edu,Female,Senior Developer,Bentley,Continental GT,Pink,2012
272,Leland,Circuit,lcircuit7j@who.int,Male,Clinical Specialist,Chevrolet,Corvette,Red,2012
273,Harrietta,Corradeschi,hcorradeschi7k@slideshare.net,Female,Physical Therapy Assistant,Infiniti,M,Indigo,2011
296,Gradey,Webling,gwebling87@chronoengine.com,Male,Professor,Nissan,Maxima,Crimson,2011
302,Boigie,Durtnall,bdurtnall8d@nih.gov,Male,Geologist I,Ford,Escape,Fuscia,2013
304,Livy,Dowden,ldowden8f@sun.com,Female,Software Consultant,Porsche,Cayenne,Pink,2011
317,Wernher,Gillet,wgillet8s@deliciousdays.com,Male,Financial Analyst,Ferrari,458 Italia,Aquamarine,2011
320,Pet,Twatt,ptwatt8v@oaic.gov.au,Female,Internal Auditor,Mitsubishi,Eclipse,Green,2012
322,Deane,Bensley,dbensley8x@yahoo.co.jp,Female,Business Systems Development Analyst,Mazda,CX-9,Khaki,2012
324,Gwenore,Southcott,gsouthcott8z@last.fm,Female,Executive Secretary,Cadillac,SRX,Pink,2010
330,Creigh,Sommerlin,csommerlin95@jigsy.com,Male,Social Worker,Lexus,LS,Pink,2010
351,Desmond,Birchill,dbirchill9q@hud.gov,Male,Systems Administrator IV,Chevrolet,Express 1500,Pink,2010
353,Frazer,Stolle,fstolle9s@meetup.com,Male,Staff Scientist,Kia,Forte,Teal,2010
364,Ricca,Drohane,rdrohanea3@clickbank.net,Female,VP Marketing,BMW,X6,Fuscia,2013
369,Franni,Lehrer,flehrera8@arizona.edu,Female,Account Coordinator,Lincoln,MKT,Red,2013
373,Kyle,Spreag,kspreagac@newsvine.com,Male,Senior Cost Accountant,MINI,Countryman,Pink,2011
374,Walther,Laverick,wlaverickad@yellowbook.com,Male,Tax Accountant,Mazda,Mazda6,Indigo,2011
407,Rosemaria,Scutter,rscutterba@shop-pro.jp,Female,Software Engineer III,Mercedes-Benz,Sprinter,Violet,2010
414,Giuditta,Devinn,gdevinnbh@webmd.com,Female,Systems Administrator I,Nissan,Sentra,Violet,2012
421,Poppy,Llorente,pllorentebo@cmu.edu,Female,Senior Developer,Audi,A5,Purple,2011
425,Martha,Lofts,mloftsbs@123-reg.co.uk,Female,Librarian,Aston Martin,DBS,Teal,2010
426,Orv,Mallia,omalliabt@dailymotion.com,Male,Payment Adjustment Coordinator,Dodge,Grand Caravan,Purple,2012
427,Welsh,Twelve,wtwelvebu@craigslist.org,Male,Administrative Officer,Toyota,Tundra,Puce,2010
432,Lorant,Melonby,lmelonbybz@nasa.gov,Male,Nuclear Power Engineer,Ford,Edge,Turquoise,2011
439,Camellia,Nellies,cnelliesc6@weibo.com,Female,Occupational Therapist,Volkswagen,Routan,Violet,2011
445,Leia,Biss,lbisscc@jiathis.com,Female,Product Engineer,Volvo,C70,Green,2011
450,Sargent,Thorold,sthoroldch@hao123.com,Male,Web Designer III,Chevrolet,Equinox,Crimson,2012
451,Lyndell,Milch,lmilchci@businessweek.com,Female,Sales Representative,Ford,Focus,Purple,2010
460,Devlin,Stitwell,dstitwellcr@themeforest.net,Male,Recruiting Manager,MINI,Cooper Clubman,Violet,2010
488,Pansy,Autie,pautiedj@networksolutions.com,Female,Human Resources Manager,Nissan,Titan,Turquoise,2012
489,Winny,McCrorie,wmccroriedk@joomla.org,Male,Payment Adjustment Coordinator,Mazda,Mazda6,Goldenrod,2011
492,Arlie,Buckles,abucklesdn@smugmug.com,Female,Software Test Engineer II,Mercedes-Benz,S-Class,Pink,2011
500,Gav,Stott,gstottdv@google.com.au,Male,Registered Nurse,Volkswagen,Routan,Indigo,2010
506,Woodrow,Stonelake,wstonelakee1@blog.com,Male,Senior Sales Associate,Nissan,Murano,Aquamarine,2012
516,Ilysa,Keogh,ikeogheb@51.la,Female,Recruiter,Mazda,CX-9,Aquamarine,2010
518,Bron,Boothroyd,bboothroyded@arizona.edu,Male,Marketing Manager,Nissan,Titan,Teal,2010
521,Westbrooke,Ireson,wiresoneg@ovh.net,Male,Senior Cost Accountant,Lexus,LS,Yellow,2012
538,Kat,Roscow,kroscowex@naver.com,Female,Structural Engineer,GMC,Yukon XL 1500,Pink,2011
545,Kit,Tandey,ktandeyf4@ycombinator.com,Male,Structural Engineer,Chevrolet,Volt,Aquamarine,2012
546,Joline,Paddon,jpaddonf5@netlog.com,Female,Recruiter,Mazda,CX-7,Pink,2011
548,Granthem,Coleiro,gcoleirof7@go.com,Male,Chemical Engineer,Ford,Edge,Green,2010
553,Gaye,Yuryichev,gyuryichevfc@amazon.com,Female,Nuclear Power Engineer,Cadillac,Escalade EXT,Violet,2010
556,Alyse,Arnaldi,aarnaldiff@jigsy.com,Female,Registered Nurse,Chevrolet,Silverado 2500,Yellow,2012
568,Roman,Comi,rcomifr@storify.com,Male,Marketing Assistant,Aston Martin,Vantage,Goldenrod,2010
584,Rafaello,Scartifield,rscartifieldg7@berkeley.edu,Male,Executive Secretary,Volkswagen,CC,Puce,2010
607,Constantino,Sheward,cshewardgu@uiuc.edu,Male,Senior Sales Associate,Volkswagen,GTI,Violet,2010
608,Giulia,Cleeton,gcleetongv@ebay.co.uk,Female,Chief Design Engineer,Dodge,Grand Caravan,Violet,2010
619,Noland,Meletti,nmelettih6@taobao.com,Male,Actuary,Rolls-Royce,Ghost,Red,2011
642,Viva,Gilfether,vgilfetherht@yellowpages.com,Female,Business Systems Development Analyst,Buick,Enclave,Goldenrod,2012
643,Sly,Choak,schoakhu@nps.gov,Male,Media Manager IV,Cadillac,Escalade,Maroon,2011
648,Waylon,Hooke,whookehz@usda.gov,Male,Community Outreach Specialist,Land Rover,Range Rover,Violet,2011
651,Hubert,Innott,hinnotti2@howstuffworks.com,Male,Computer Systems Analyst IV,Ford,Mustang,Aquamarine,2010
663,Gertrudis,Mowsley,gmowsleyie@google.com,Female,Executive Secretary,Honda,Insight,Indigo,2011
674,Clarabelle,Barbara,cbarbaraip@prnewswire.com,Female,VP Sales,Bentley,Continental,Purple,2010
680,Janith,Geggus,jgeggusiv@gov.uk,Female,Compensation Analyst,Toyota,Land Cruiser,Teal,2010
688,Carlyle,Dignon,cdignonj3@telegraph.co.uk,Male,Pharmacist,GMC,Canyon,Indigo,2012
691,Leyla,Parriss,lparrissj6@mit.edu,Female,Analyst Programmer,Toyota,Corolla,Turquoise,2012
707,Marjory,Musson,mmussonjm@dmoz.org,Female,Human Resources Assistant I,Suzuki,Equator,Red,2011
717,Kingsly,Druitt,kdruittjw@discuz.net,Male,Internal Auditor,Lincoln,MKX,Fuscia,2012
725,Daphene,Bigglestone,dbigglestonek4@samsung.com,Female,Environmental Specialist,Ford,Edge,Violet,2013
726,Darrin,Daniello,ddaniellok5@illinois.edu,Male,Biostatistician III,Lexus,IS,Khaki,2010
742,Felicia,Itzig,fitzigkl@stanford.edu,Female,Senior Sales Associate,Toyota,Prius,Crimson,2011
745,Dunn,Duell,dduellko@ning.com,Male,Environmental Specialist,Audi,A3,Yellow,2010
746,Dredi,Amer,damerkp@wufoo.com,Female,Civil Engineer,GMC,Terrain,Blue,2012
753,Devin,Kaming,dkamingkw@wp.com,Female,Account Coordinator,Chevrolet,Suburban,Teal,2010
756,Star,Hallihan,shallihankz@gmpg.org,Female,Technical Writer,Audi,R8,Khaki,2010
759,Edd,Gounet,egounetl2@blogs.com,Male,Actuary,Audi,S4,Pink,2012
762,Glen,Conrad,gconradl5@sphinn.com,Male,Developer II,Nissan,Frontier,Goldenrod,2012
764,Cobbie,Dirand,cdirandl7@newyorker.com,Male,Librarian,Maserati,Quattroporte,Green,2010
779,Debi,Brittian,dbrittianlm@princeton.edu,Female,Computer Systems Analyst IV,Audi,S5,Aquamarine,2010
781,Madelin,Butchard,mbutchardlo@admin.ch,Female,Legal Assistant,Chevrolet,Traverse,Maroon,2012
783,Lucais,Brauner,lbraunerlq@flavors.me,Male,Product Engineer,Honda,Fit,Maroon,2010
786,Muire,Purshouse,mpurshouselt@apache.org,Female,Senior Editor,Nissan,Rogue,Red,2012
789,Lin,MacTrusty,lmactrustylw@topsy.com,Female,Help Desk Operator,Nissan,Cube,Purple,2012
791,Kris,Hilbourne,khilbournely@pcworld.com,Male,Analog Circuit Design manager,Audi,Q5,Crimson,2011
793,Gilburt,Blackston,gblackstonm0@myspace.com,Male,Chief Design Engineer,Cadillac,DTS,Pink,2010
804,Glyn,Pruckner,gprucknermb@vimeo.com,Male,Operator,Land Rover,Discovery,Fuscia,2011
805,Bella,Olyet,bolyetmc@nps.gov,Female,Environmental Tech,Infiniti,IPL G,Turquoise,2012
808,Reeva,Poundsford,rpoundsfordmf@diigo.com,Female,Nuclear Power Engineer,Kia,Forte,Fuscia,2010
812,Maxy,Ravenscraft,mravenscraftmj@bizjournals.com,Male,Project Manager,Ford,Crown Victoria,Puce,2011
814,Nero,Dancey,ndanceyml@amazon.co.uk,Male,Civil Engineer,BMW,X3,Yellow,2010
822,Rockwell,Muckleston,rmucklestonmt@blinklist.com,Male,Director of Sales,Ford,Edge,Orange,2012
825,Gerhardine,Deener,gdeenermw@cdbaby.com,Female,VP Sales,Porsche,Panamera,Orange,2010
827,Adan,Bestman,abestmanmy@wikispaces.com,Female,Senior Quality Engineer,Nissan,Sentra,Orange,2012
833,Ash,Brave,abraven4@skype.com,Male,Statistician IV,Infiniti,FX,Teal,2011
834,Jere,Suart,jsuartn5@mtv.com,Male,Assistant Media Planner,Dodge,Challenger,Blue,2011
841,Dante,Habin,dhabinnc@stanford.edu,Male,Staff Accountant III,Volvo,S60,Aquamarine,2013
848,Connor,Salvati,csalvatinj@theglobeandmail.com,Male,Assistant Professor,Infiniti,QX,Purple,2012
855,Mead,Dawkins,mdawkinsnq@about.me,Female,Financial Advisor,Nissan,Murano,Teal,2012
862,Steffi,Anderton,sandertonnx@tripadvisor.com,Female,Recruiting Manager,BMW,7 Series,Puce,2010
879,Odella,Folbigg,ofolbiggoe@cyberchimps.com,Female,Director of Sales,Nissan,Xterra,Khaki,2011
898,Raquel,McBride,rmcbrideox@wired.com,Female,Research Associate,Saturn,Outlook,Yellow,2010
901,Minette,Missington,mmissingtonp0@bravesites.com,Female,General Manager,Infiniti,EX,Orange,2011
921,Ulric,MacGeaney,umacgeaneypk@facebook.com,Male,Clinical Specialist,Land Rover,Freelander,Blue,2010
925,Carlin,Bough,cboughpo@techcrunch.com,Male,Professor,Lexus,LX,Blue,2013
941,Marice,Loftus,mloftusq4@weibo.com,Female,Help Desk Operator,Land Rover,Range Rover,Goldenrod,2010
949,Abe,Elms,aelmsqc@sitemeter.com,Male,Biostatistician III,Lincoln,MKX,Crimson,2011
969,Jarrad,Goncalo,jgoncaloqw@cdbaby.com,Male,Project Manager,Honda,Civic,Turquoise,2011
978,Elsinore,Lynes,elynesr5@prnewswire.com,Female,Recruiter,Chevrolet,Express 1500,Indigo,2010
981,Emmanuel,Checketts,echeckettsr8@shop-pro.jp,Male,Marketing Assistant,Infiniti,M,Maroon,2010
985,Elia,Fann,efannrc@networkadvertising.org,Male,Programmer II,Mercedes-Benz,M-Class,Pink,2010
990,Vern,Rao,vraorh@reuters.com,Male,Account Executive,GMC,Yukon XL 1500,Blue,2012
992,Heloise,Delgua,hdelguarj@php.net,Female,Structural Analysis Engineer,Mitsubishi,Outlander Sport,Pink,2011
996,Hogan,Coombs,hcoombsrn@miibeian.gov.cn,Male,Account Coordinator,Honda,FCX Clarity,Pink,2012
999,Gaspar,Manach,gmanachrq@360.cn,Male,Account Executive,Tesla,Roadster,Fuscia,2010